method,config,exact_number_accuracy,digit_accuracy_when_count_right,selected
contours,otsu_mnist_box,0.6296,0.9016,yes
connected_components,otsu_mnist_box,0.6296,0.9016,
confidence_split,otsu_mnist_box,0.6296,0.9048,
contours,adaptive_mnist_box,0.5556,0.8689,
connected_components,adaptive_mnist_box,0.5556,0.8689,
confidence_split,adaptive_mnist_box,0.5556,0.873,
watershed,adaptive_mnist_box,0.4074,0.8649,
watershed,otsu_mnist_box,0.3704,0.8378,
contours,grayscale_mnist_box,0.1852,0.5082,
connected_components,grayscale_mnist_box,0.1852,0.5082,
cutpoint_mlp,otsu_mnist_box,0.1852,0.8,
confidence_split,grayscale_mnist_box,0.1852,0.4762,
watershed,grayscale_mnist_box,0.1481,0.5946,
cutpoint_mlp,otsu_denoised_centered,0.1481,0.45,
cutpoint_mlp,adaptive_mnist_box,0.1481,0.7,
projection,otsu_denoised_centered,0.0741,0.6,
projection,adaptive_mnist_box,0.0741,0.5,
projection,otsu_mnist_box,0.0741,0.6,
sliding_mlp,otsu_denoised_centered,0.0741,0.36,
sliding_mlp,adaptive_mnist_box,0.0741,0.48,
sliding_mlp,otsu_mnist_box,0.0741,0.48,
sliding_cnn,otsu_denoised_centered,0.0741,0.35,
sliding_cnn,adaptive_mnist_box,0.0741,0.4,
sliding_cnn,otsu_mnist_box,0.0741,0.45,
sliding_svm,adaptive_mnist_box,0.0741,0.4545,
sliding_svm,otsu_mnist_box,0.0741,0.5455,
sliding_rf,adaptive_mnist_box,0.0741,0.6364,
cutpoint_mlp,otsu,0.0741,0.4,
cutpoint_mlp,otsu_denoised,0.0741,0.4,
cutpoint_mlp,grayscale_mnist_box,0.0741,0.4,
contours,otsu_denoised_centered,0.037,0.4426,
connected_components,otsu_denoised_centered,0.037,0.4426,
projection,grayscale_mnist_box,0.037,0.4,
watershed,otsu_denoised_centered,0.037,0.2973,
sliding_mlp,grayscale_mnist_box,0.037,0.4,
sliding_cnn,grayscale_only,0.037,0.35,
sliding_cnn,otsu,0.037,0.3,
sliding_cnn,otsu_denoised,0.037,0.3,
sliding_cnn,adaptive,0.037,0.3,
sliding_cnn,grayscale_mnist_box,0.037,0.35,
sliding_svm,otsu_denoised_centered,0.037,0.1818,
sliding_svm,grayscale_mnist_box,0.037,0.3636,
sliding_rf,grayscale_only,0.037,0.2727,
sliding_rf,otsu_denoised_centered,0.037,0.1818,
sliding_rf,otsu_mnist_box,0.037,0.5455,
cutpoint_mlp,grayscale_only,0.037,0.25,
cutpoint_mlp,adaptive,0.037,0.3,
confidence_split,otsu_denoised_centered,0.037,0.4444,
contours,grayscale_only,0.0,0.3934,
contours,otsu,0.0,0.3279,
contours,otsu_denoised,0.0,0.3279,
contours,adaptive,0.0,0.2623,
connected_components,grayscale_only,0.0,0.3934,
connected_components,otsu,0.0,0.3279,
connected_components,otsu_denoised,0.0,0.3279,
connected_components,adaptive,0.0,0.2623,
projection,grayscale_only,0.0,0.3,
projection,otsu,0.0,0.4,
projection,otsu_denoised,0.0,0.3,
projection,adaptive,0.0,0.4,
watershed,grayscale_only,0.0,0.2432,
watershed,otsu,0.0,0.2432,
watershed,otsu_denoised,0.0,0.2432,
watershed,adaptive,0.0,0.1892,
sliding_mlp,grayscale_only,0.0,0.24,
sliding_mlp,otsu,0.0,0.24,
sliding_mlp,otsu_denoised,0.0,0.24,
sliding_mlp,adaptive,0.0,0.28,
sliding_svm,grayscale_only,0.0,0.1818,
sliding_svm,otsu,0.0,0.3636,
sliding_svm,otsu_denoised,0.0,0.3636,
sliding_svm,adaptive,0.0,0.3636,
sliding_rf,otsu,0.0,0.1818,
sliding_rf,otsu_denoised,0.0,0.1818,
sliding_rf,adaptive,0.0,0.1818,
sliding_rf,grayscale_mnist_box,0.0,0.0,
confidence_split,grayscale_only,0.0,0.4127,
confidence_split,otsu,0.0,0.3492,
confidence_split,otsu_denoised,0.0,0.3492,
confidence_split,adaptive,0.0,0.3016,
